sequence,mode,error,from,to,skipped,takeoffSpeed,landingSpeed,flightDistance,width,depth,headingChange,landingX,landingZ
ridge,slow,clean,m02.restore.platform,m02.safe.01,,6.158,7.380,4.474,11,3,-0.66,0.042,-0.115
ridge,slow,clean,m02.safe.01,m02.safe.02,,6.124,7.380,4.473,11,4,0.00,-0.066,0.161
ridge,slow,clean,m02.safe.02,m02.safe.03,,6.124,7.380,4.473,12,4,0.00,0.081,-0.248
ridge,slow,clean,m02.safe.03,m02.safe.04,,6.124,7.380,4.473,12,4,0.00,0.090,-0.271
ridge,slow,clean,m02.safe.04,m02.garden.exit,,6.124,7.380,4.473,12,7.7,0.00,0.020,-0.120
ridge,slow,clean,m02.garden.exit,m02.ridge.01,,6.124,7.380,4.473,12,5,0.00,0.118,0.771
ridge,slow,clean,m02.ridge.01,m02.ridge.02,,6.124,7.380,4.473,12,4,0.00,0.079,0.211
ridge,slow,clean,m02.ridge.02,m02.rejoin,,6.124,7.380,4.473,20,12,0.00,-0.784,-4.118
ridge,slow,left,m02.restore.platform,m02.safe.01,,6.156,7.380,4.474,11,3,0.06,0.003,-0.075
ridge,slow,left,m02.safe.01,m02.safe.02,,6.124,7.380,4.473,11,4,0.00,-0.062,0.149
ridge,slow,left,m02.safe.02,m02.safe.03,,6.124,7.380,4.473,12,4,0.00,0.085,-0.260
ridge,slow,left,m02.safe.03,m02.safe.04,,6.124,7.380,4.473,12,4,0.00,0.079,-0.236
ridge,slow,left,m02.safe.04,m02.garden.exit,,6.124,7.380,4.473,12,7.7,0.00,0.014,-0.083
ridge,slow,left,m02.garden.exit,m02.ridge.01,,6.124,7.380,4.473,12,5,0.00,0.117,0.756
ridge,slow,left,m02.ridge.01,m02.ridge.02,,6.124,7.380,4.473,12,4,0.02,0.073,0.197
ridge,slow,left,m02.ridge.02,m02.rejoin,,6.124,7.380,4.473,20,12,0.00,-0.788,-4.132
ridge,slow,right,m02.restore.platform,m02.safe.01,,6.309,7.444,4.511,11,3,-8.41,0.313,-0.201
ridge,slow,right,m02.safe.01,m02.safe.02,,6.124,7.380,4.473,11,4,0.00,-0.042,0.092
ridge,slow,right,m02.safe.02,m02.safe.03,,6.124,7.380,4.473,12,4,0.00,0.072,-0.221
ridge,slow,right,m02.safe.03,m02.safe.04,,6.124,7.380,4.473,12,4,0.00,0.082,-0.245
ridge,slow,right,m02.safe.04,m02.garden.exit,,6.124,7.380,4.473,12,7.7,0.00,0.015,-0.093
ridge,slow,right,m02.garden.exit,m02.ridge.01,,6.124,7.380,4.473,12,5,0.00,0.115,0.747
ridge,slow,right,m02.ridge.01,m02.ridge.02,,6.124,7.380,4.473,12,4,0.00,0.070,0.188
ridge,slow,right,m02.ridge.02,m02.rejoin,,6.124,7.380,4.473,20,12,0.00,-0.790,-4.141
ridge,slow,early,m02.restore.platform,m02.safe.01,,6.124,7.380,4.473,11,3,0.00,0.021,-0.106
ridge,slow,early,m02.safe.01,m02.safe.02,,6.124,7.380,4.473,11,4,0.00,-0.072,0.175
ridge,slow,early,m02.safe.02,m02.safe.03,,6.124,7.380,4.473,12,4,0.00,0.076,-0.234
ridge,slow,early,m02.safe.03,m02.safe.04,,6.124,7.380,4.473,12,4,0.00,0.086,-0.257
ridge,slow,early,m02.safe.04,m02.garden.exit,,6.124,7.380,4.473,12,7.7,0.00,0.017,-0.105
ridge,slow,early,m02.garden.exit,m02.ridge.01,,6.124,7.380,4.473,12,5,0.00,0.113,0.735
ridge,slow,early,m02.ridge.01,m02.ridge.02,,6.124,7.380,4.473,12,4,0.02,0.084,0.225
ridge,slow,early,m02.ridge.02,m02.rejoin,,6.124,7.380,4.473,20,12,0.00,-0.780,-4.104
ridge,slow,late,m02.restore.platform,m02.safe.01,,6.633,7.447,4.521,11,3,-8.19,0.220,0.014
ridge,slow,late,m02.safe.01,m02.safe.02,,6.124,7.380,4.473,11,4,0.00,-0.031,0.068
ridge,slow,late,m02.safe.02,m02.safe.03,,6.124,7.380,4.473,12,4,0.00,0.080,-0.247
ridge,slow,late,m02.safe.03,m02.safe.04,,6.124,7.380,4.473,12,4,0.00,0.090,-0.271
ridge,slow,late,m02.safe.04,m02.garden.exit,,6.124,7.380,4.473,12,7.7,0.00,0.020,-0.119
ridge,slow,late,m02.garden.exit,m02.ridge.01,,6.124,7.380,4.473,12,5,0.00,0.118,0.772
ridge,slow,late,m02.ridge.01,m02.ridge.02,,6.124,7.380,4.473,12,4,0.00,0.079,0.211
ridge,slow,late,m02.ridge.02,m02.rejoin,,6.124,7.380,4.473,20,12,0.00,-0.784,-4.117
ridge,slow,heading,m02.restore.platform,m02.safe.01,,6.213,7.389,4.480,11,3,-3.21,0.106,-0.096
ridge,slow,heading,m02.safe.01,m02.safe.02,,6.124,7.380,4.473,11,4,0.00,-0.066,0.154
ridge,slow,heading,m02.safe.02,m02.safe.03,,6.124,7.380,4.473,12,4,0.00,0.083,-0.255
ridge,slow,heading,m02.safe.03,m02.safe.04,,6.124,7.380,4.473,12,4,0.00,0.077,-0.230
ridge,slow,heading,m02.safe.04,m02.garden.exit,,6.124,7.380,4.473,12,7.7,0.00,0.021,-0.128
ridge,slow,heading,m02.garden.exit,m02.ridge.01,,6.124,7.380,4.473,12,5,0.00,0.116,0.764
ridge,slow,heading,m02.ridge.01,m02.ridge.02,,6.124,7.380,4.473,12,4,0.00,0.076,0.204
ridge,slow,heading,m02.ridge.02,m02.rejoin,,6.124,7.380,4.473,20,12,0.00,-0.786,-4.125
ridge,flow,clean,m02.restore.platform,m02.safe.02,m02.safe.01,13.500,13.500,7.971,11,4,-12.84,1.039,-1.239
ridge,flow,clean,m02.safe.02,m02.safe.03,,13.500,13.500,8.212,12,4,-1.03,0.126,0.559
ridge,flow,clean,m02.safe.03,m02.garden.exit,m02.safe.04,13.500,13.500,7.978,12,7.7,9.59,0.832,-3.682
ridge,flow,clean,m02.garden.exit,m02.ridge.01,,13.500,13.500,8.180,12,5,17.56,-0.450,-2.396
ridge,flow,clean,m02.ridge.01,m02.ridge.02,,13.500,13.500,8.206,12,4,8.00,-0.683,-0.268
ridge,flow,clean,m02.ridge.02,m02.rejoin,,13.500,13.500,8.210,20,12,-4.60,-0.718,-2.181
ridge,flow,left,m02.restore.platform,m02.safe.02,m02.safe.01,13.500,13.500,7.971,11,4,-12.84,0.289,-1.239
ridge,flow,left,m02.safe.02,m02.safe.03,,13.500,13.500,8.212,12,4,2.02,-0.314,0.668
ridge,flow,left,m02.safe.03,m02.garden.exit,m02.safe.04,13.500,13.500,7.980,12,7.7,8.35,0.731,-3.479
ridge,flow,left,m02.garden.exit,m02.ridge.01,,13.500,13.500,8.184,12,5,16.32,-0.387,-2.184
ridge,flow,left,m02.ridge.01,m02.ridge.02,,13.500,13.500,8.207,12,4,7.29,-0.600,-0.059
ridge,flow,left,m02.ridge.02,m02.rejoin,,13.500,13.500,8.210,20,12,-4.82,-0.673,-1.964
ridge,flow,right,m02.restore.platform,m02.safe.02,m02.safe.01,13.500,13.500,7.971,11,4,-12.84,1.789,-1.239
ridge,flow,right,m02.safe.02,m02.safe.03,,13.500,13.500,8.210,12,4,-3.99,0.586,0.442
ridge,flow,right,m02.safe.03,m02.safe.04,,13.500,13.500,7.976,12,4,10.62,-0.045,2.091
ridge,flow,right,m02.safe.04,m02.ridge.01,m02.garden.exit,13.500,13.500,8.175,12,5,18.79,-0.509,-2.636
ridge,flow,right,m02.ridge.01,m02.ridge.02,,13.500,13.500,8.205,12,4,8.81,-0.772,-0.503
ridge,flow,right,m02.ridge.02,m02.rejoin,,13.500,13.500,8.210,20,12,-4.33,-0.770,-2.425
ridge,flow,early,m02.restore.platform,m02.safe.02,m02.safe.01,13.500,13.500,7.972,11,4,-12.39,1.088,-1.576
ridge,flow,early,m02.safe.02,m02.safe.03,,13.500,13.500,8.212,12,4,-1.41,0.218,0.238
ridge,flow,early,m02.safe.03,m02.safe.04,,13.500,13.500,7.980,12,4,8.94,-0.106,1.989
ridge,flow,early,m02.safe.04,m02.ridge.01,m02.garden.exit,13.500,13.500,8.180,12,5,17.45,-0.485,-2.728
ridge,flow,early,m02.ridge.01,m02.ridge.02,,13.500,13.500,8.093,12,4,8.59,-0.795,-0.699
ridge,flow,early,m02.ridge.02,m02.rejoin,,13.500,13.500,8.210,20,12,-4.01,-0.799,-2.619
ridge,flow,late,m02.restore.platform,m02.safe.02,m02.safe.01,13.500,13.500,7.970,11,4,-13.04,1.019,-1.095
ridge,flow,late,m02.safe.02,m02.safe.03,,13.500,13.500,8.212,12,4,-0.86,0.087,0.696
ridge,flow,late,m02.safe.03,m02.garden.exit,m02.safe.04,13.500,13.500,7.978,12,7.7,9.86,0.807,-3.542
ridge,flow,late,m02.garden.exit,m02.ridge.01,,13.500,13.500,8.179,12,5,17.61,-0.434,-2.254
ridge,flow,late,m02.ridge.01,m02.ridge.02,,13.500,13.500,8.206,12,4,7.74,-0.647,-0.130
ridge,flow,late,m02.ridge.02,m02.rejoin,,13.500,13.500,8.210,20,12,-4.79,-0.693,-2.041
ridge,flow,heading,m02.restore.platform,m02.safe.02,m02.safe.01,13.500,13.500,7.965,11,4,-14.92,1.615,-1.124
ridge,flow,heading,m02.safe.02,m02.safe.03,,13.500,13.500,8.208,12,4,-6.53,0.603,0.632
ridge,flow,heading,m02.safe.03,m02.safe.04,,13.500,13.500,7.977,12,4,10.23,-0.019,2.284
ridge,flow,heading,m02.safe.04,m02.ridge.01,m02.garden.exit,13.500,13.500,8.174,12,5,18.96,-0.473,-2.443
ridge,flow,heading,m02.ridge.01,m02.ridge.02,,13.500,13.500,8.205,12,4,8.64,-0.726,-0.312
ridge,flow,heading,m02.ridge.02,m02.rejoin,,13.500,13.500,8.210,20,12,-4.52,-0.738,-2.231
ridge,expert,clean,m02.restore.platform,m02.safe.02,m02.safe.01,17.500,17.500,10.333,11,4,-12.53,0.578,1.114
ridge,expert,clean,m02.safe.02,m02.safe.04,m02.safe.03,17.500,17.500,10.354,12,4,-0.34,0.929,-1.041
ridge,expert,clean,m02.safe.04,m02.garden.exit,,17.500,17.500,10.593,12,7.7,19.25,-0.077,3.507
ridge,expert,clean,m02.garden.exit,m02.ridge.02,m02.ridge.01,17.500,17.500,10.319,12,4,16.14,-1.317,0.821
ridge,expert,clean,m02.ridge.02,m02.rejoin,,17.500,17.500,10.641,20,12,-4.50,-0.417,1.211
ridge,expert,left,m02.restore.platform,m02.safe.02,m02.safe.01,17.500,17.500,10.333,11,4,-12.53,-0.172,1.114
ridge,expert,left,m02.safe.02,m02.safe.04,m02.safe.03,17.500,17.500,10.353,12,4,2.46,0.508,-0.926
ridge,expert,left,m02.safe.04,m02.garden.exit,,17.500,17.500,10.599,12,7.7,18.12,-0.055,3.704
ridge,expert,left,m02.garden.exit,m02.ridge.02,m02.ridge.01,17.500,17.500,10.326,12,4,14.48,-1.156,1.000
ridge,expert,left,m02.ridge.02,m02.rejoin,,17.500,17.500,10.641,20,12,-5.14,-0.332,1.410
ridge,expert,right,m02.restore.platform,m02.safe.02,m02.safe.01,17.500,17.500,10.333,11,4,-12.53,1.328,1.114
ridge,expert,right,m02.safe.02,m02.safe.04,m02.safe.03,17.500,17.500,10.352,12,4,-3.06,1.372,-1.162
ridge,expert,right,m02.safe.04,m02.garden.exit,,17.500,17.500,10.587,12,7.7,20.17,-0.080,3.285
ridge,expert,right,m02.garden.exit,m02.ridge.02,m02.ridge.01,17.500,17.500,10.312,12,4,17.84,-1.482,0.617
ridge,expert,right,m02.ridge.02,m02.rejoin,,17.500,17.500,10.642,20,12,-3.75,-0.512,0.988
ridge,expert,early,m02.restore.platform,m02.safe.02,m02.safe.01,17.500,17.500,10.334,11,4,-12.13,0.631,0.778
ridge,expert,early,m02.safe.02,m02.safe.04,m02.safe.03,17.500,17.500,10.354,12,4,-0.80,1.021,-1.363
ridge,expert,early,m02.safe.04,m02.garden.exit,,17.500,17.500,10.596,12,7.7,18.60,-0.069,3.172
ridge,expert,early,m02.garden.exit,m02.ridge.02,m02.ridge.01,17.500,17.500,10.317,12,4,16.60,-1.401,0.500
ridge,expert,early,m02.ridge.02,m02.rejoin,,17.500,17.500,10.642,20,12,-3.91,-0.483,0.885
ridge,expert,late,m02.restore.platform,m02.safe.02,m02.safe.01,17.500,17.500,10.333,11,4,-12.70,0.556,1.258
ridge,expert,late,m02.safe.02,m02.safe.04,m02.safe.03,17.500,17.500,10.354,12,4,-0.14,0.890,-0.903
ridge,expert,late,m02.safe.04,m02.garden.exit,,17.500,17.500,10.592,12,7.7,19.52,-0.079,3.650
ridge,expert,late,m02.garden.exit,m02.ridge.02,m02.ridge.01,17.500,17.500,10.320,12,4,15.94,-1.281,0.959
ridge,expert,late,m02.ridge.02,m02.rejoin,,17.500,17.500,10.641,20,12,-4.75,-0.389,1.351
ridge,expert,heading,m02.restore.platform,m02.safe.02,m02.safe.01,17.500,17.500,10.325,11,4,-14.75,1.319,1.253
ridge,expert,heading,m02.safe.02,m02.safe.04,m02.safe.03,17.500,17.500,10.349,12,4,-5.92,1.562,-0.949
ridge,expert,heading,m02.safe.04,m02.garden.exit,,17.500,17.500,10.590,12,7.7,19.73,0.027,3.482
ridge,expert,heading,m02.garden.exit,m02.ridge.02,m02.ridge.01,17.500,17.500,10.310,12,4,18.14,-1.443,0.822
ridge,expert,heading,m02.ridge.02,m02.rejoin,,17.500,17.500,10.642,20,12,-3.67,-0.504,1.203
summit,slow,clean,m02.lift.exit,m02.ascent.01,,6.158,7.380,4.474,12,3,0.66,-0.042,-0.115
summit,slow,clean,m02.ascent.01,m02.ascent.02,,6.124,7.380,4.473,12,4,0.00,0.073,0.358
summit,slow,clean,m02.ascent.02,m02.ascent.03,,6.124,7.380,4.473,12,4,0.00,-0.013,-0.081
summit,slow,clean,m02.ascent.03,m02.ascent.04,,6.124,7.380,4.473,12,4,0.00,0.000,-0.042
summit,slow,clean,m02.ascent.04,m02.final-runup,,6.124,7.380,4.473,12,5,0.00,0.023,-0.134
summit,slow,clean,m02.final-runup,m02.patch.base,,6.124,7.380,4.473,16,12,0.00,0.351,-3.564
summit,slow,left,m02.lift.exit,m02.ascent.01,,6.309,7.443,4.511,12,3,8.41,-0.313,-0.201
summit,slow,left,m02.ascent.01,m02.ascent.02,,6.124,7.380,4.473,12,4,0.00,0.077,0.316
summit,slow,left,m02.ascent.02,m02.ascent.03,,6.124,7.380,4.473,12,4,0.00,-0.019,-0.122
summit,slow,left,m02.ascent.03,m02.ascent.04,,6.124,7.380,4.473,12,4,0.00,0.000,-0.031
summit,slow,left,m02.ascent.04,m02.final-runup,,6.124,7.380,4.473,12,5,0.00,0.022,-0.123
summit,slow,left,m02.final-runup,m02.patch.base,,6.124,7.380,4.473,16,12,0.00,0.350,-3.553
summit,slow,right,m02.lift.exit,m02.ascent.01,,6.156,7.380,4.474,12,3,-0.06,-0.003,-0.075
summit,slow,right,m02.ascent.01,m02.ascent.02,,6.124,7.380,4.473,12,4,0.00,0.073,0.349
summit,slow,right,m02.ascent.02,m02.ascent.03,,6.124,7.380,4.473,12,4,0.00,-0.014,-0.090
summit,slow,right,m02.ascent.03,m02.ascent.04,,6.124,7.380,4.473,12,4,0.00,0.000,-0.050
summit,slow,right,m02.ascent.04,m02.final-runup,,6.124,7.380,4.473,12,5,0.00,0.016,-0.091
summit,slow,right,m02.final-runup,m02.patch.base,,6.124,7.380,4.473,16,12,0.00,0.351,-3.572
summit,slow,early,m02.lift.exit,m02.ascent.01,,6.124,7.380,4.473,12,3,0.00,-0.021,-0.106
summit,slow,early,m02.ascent.01,m02.ascent.02,,6.124,7.380,4.473,12,4,-0.02,0.074,0.370
summit,slow,early,m02.ascent.02,m02.ascent.03,,6.124,7.380,4.473,12,4,0.00,-0.019,-0.120
summit,slow,early,m02.ascent.03,m02.ascent.04,,6.124,7.380,4.473,12,4,0.00,0.000,-0.029
summit,slow,early,m02.ascent.04,m02.final-runup,,6.124,7.380,4.473,12,5,0.00,0.021,-0.121
summit,slow,early,m02.final-runup,m02.patch.base,,6.124,7.380,4.473,16,12,0.00,0.349,-3.551
summit,slow,late,m02.lift.exit,m02.ascent.01,,6.633,7.447,4.521,12,3,8.19,-0.220,0.014
summit,slow,late,m02.ascent.01,m02.ascent.02,,6.124,7.380,4.473,12,4,0.00,0.085,0.346
summit,slow,late,m02.ascent.02,m02.ascent.03,,6.124,7.380,4.473,12,4,0.00,-0.014,-0.092
summit,slow,late,m02.ascent.03,m02.ascent.04,,6.124,7.380,4.473,12,4,0.00,0.000,-0.052
summit,slow,late,m02.ascent.04,m02.final-runup,,6.124,7.380,4.473,12,5,0.00,0.016,-0.094
summit,slow,late,m02.final-runup,m02.patch.base,,6.124,7.380,4.473,16,12,0.00,0.351,-3.574
summit,slow,heading,m02.lift.exit,m02.ascent.01,,6.124,7.380,4.473,12,3,0.00,-0.026,-0.119
summit,slow,heading,m02.ascent.01,m02.ascent.02,,6.124,7.380,4.473,12,4,0.00,0.071,0.357
summit,slow,heading,m02.ascent.02,m02.ascent.03,,6.124,7.380,4.473,12,4,0.00,-0.013,-0.083
summit,slow,heading,m02.ascent.03,m02.ascent.04,,6.124,7.380,4.473,12,4,0.00,0.000,-0.043
summit,slow,heading,m02.ascent.04,m02.final-runup,,6.124,7.380,4.473,12,5,0.00,0.024,-0.135
summit,slow,heading,m02.final-runup,m02.patch.base,,6.124,7.380,4.473,16,12,0.00,0.351,-3.565
summit,flow,clean,m02.lift.exit,m02.ascent.02,m02.ascent.01,13.500,13.500,7.985,12,4,5.38,-0.605,-1.104
summit,flow,clean,m02.ascent.02,m02.ascent.03,,13.500,13.500,8.207,12,4,-6.81,-0.281,1.109
summit,flow,clean,m02.ascent.03,m02.final-runup,m02.ascent.04,13.500,13.500,8.089,12,5,-9.98,0.617,-2.690
summit,flow,clean,m02.final-runup,m02.patch.base,,13.500,13.500,8.100,16,12,-1.50,0.683,-4.531
summit,flow,left,m02.lift.exit,m02.ascent.02,m02.ascent.01,13.500,13.500,7.985,12,4,5.38,-1.355,-1.104
summit,flow,left,m02.ascent.02,m02.ascent.03,,13.500,13.500,8.210,12,4,-3.50,-0.678,1.048
summit,flow,left,m02.ascent.03,m02.final-runup,m02.ascent.04,13.500,13.500,8.085,12,5,-11.84,0.575,-2.760
summit,flow,left,m02.final-runup,m02.patch.base,,13.500,13.500,8.099,16,12,-2.91,0.734,-4.591
summit,flow,right,m02.lift.exit,m02.ascent.02,m02.ascent.01,13.500,13.500,7.985,12,4,5.38,0.145,-1.104
summit,flow,right,m02.ascent.02,m02.ascent.03,,13.500,13.500,8.202,12,4,-10.13,0.109,1.154
summit,flow,right,m02.ascent.03,m02.final-runup,m02.ascent.04,13.500,13.500,8.093,12,5,-8.08,0.656,-2.653
summit,flow,right,m02.final-runup,m02.patch.base,,13.500,13.500,8.212,16,12,-0.08,0.621,-4.393
summit,flow,early,m02.lift.exit,m02.ascent.02,m02.ascent.01,13.500,13.500,7.985,12,4,5.19,-0.631,-1.449
summit,flow,early,m02.ascent.02,m02.ascent.03,,13.500,13.500,8.208,12,4,-6.30,-0.298,0.764
summit,flow,early,m02.ascent.03,m02.patch.base,m02.ascent.04;m02.final-runup,13.500,13.500,7.987,16,12,-1.61,0.706,-4.765
summit,flow,late,m02.lift.exit,m02.ascent.02,m02.ascent.01,13.500,13.500,7.984,12,4,5.45,-0.594,-0.956
summit,flow,late,m02.ascent.02,m02.ascent.03,,13.500,13.500,8.207,12,4,-7.03,-0.274,1.258
summit,flow,late,m02.ascent.03,m02.final-runup,m02.ascent.04,13.500,13.500,7.977,12,5,-9.85,0.615,-2.654
summit,flow,late,m02.final-runup,m02.patch.base,,13.500,13.500,8.212,16,12,-1.44,0.667,-4.383
summit,flow,heading,m02.lift.exit,m02.ascent.02,m02.ascent.01,13.500,13.500,7.986,12,4,3.10,-0.040,-1.222
summit,flow,heading,m02.ascent.02,m02.ascent.03,,13.500,13.500,8.197,12,4,-12.21,0.146,1.002
summit,flow,heading,m02.ascent.03,m02.patch.base,m02.ascent.04;m02.final-runup,13.500,13.500,7.987,16,12,-0.27,0.677,-4.773
summit,expert,clean,m02.lift.exit,m02.ascent.02,m02.ascent.01,17.500,17.500,10.351,12,4,4.50,-0.277,1.274
summit,expert,clean,m02.ascent.02,m02.ascent.04,m02.ascent.03,17.500,17.500,10.341,12,4,-9.54,0.020,-0.320
summit,expert,clean,m02.ascent.04,m02.patch.base,m02.final-runup,17.500,17.500,10.344,16,12,-8.78,1.298,-5.856
summit,expert,left,m02.lift.exit,m02.ascent.02,m02.ascent.01,17.500,17.500,10.351,12,4,4.50,-1.027,1.274
summit,expert,left,m02.ascent.02,m02.ascent.04,m02.ascent.03,17.500,17.500,10.346,12,4,-6.58,-0.347,-0.369
summit,expert,left,m02.ascent.04,m02.patch.base,m02.final-runup,17.500,17.500,10.339,16,12,-10.49,1.338,-5.889
summit,expert,right,m02.lift.exit,m02.ascent.02,m02.ascent.01,17.500,17.500,10.351,12,4,4.50,0.473,1.274
summit,expert,right,m02.ascent.02,m02.ascent.04,m02.ascent.03,17.500,17.500,10.333,12,4,-12.48,0.385,-0.288
summit,expert,right,m02.ascent.04,m02.patch.base,m02.final-runup,17.500,17.500,10.347,16,12,-7.07,1.260,-5.856
summit,expert,early,m02.lift.exit,m02.ascent.02,m02.ascent.01,17.500,17.500,10.351,12,4,4.40,-0.303,0.929
summit,expert,early,m02.ascent.02,m02.ascent.04,m02.ascent.03,17.500,17.500,10.342,12,4,-9.15,0.019,-0.668
summit,expert,early,m02.ascent.04,m02.patch.base,m02.final-runup,17.500,17.500,10.343,16,12,-9.00,1.335,-6.202
summit,expert,late,m02.lift.exit,m02.ascent.02,m02.ascent.01,17.500,17.500,10.351,12,4,4.53,-0.267,1.422
summit,expert,late,m02.ascent.02,m02.ascent.04,m02.ascent.03,17.500,17.500,10.340,12,4,-9.70,0.020,-0.171
summit,expert,late,m02.ascent.04,m02.patch.base,m02.final-runup,17.500,17.500,10.344,16,12,-8.67,1.281,-5.708
summit,expert,heading,m02.lift.exit,m02.ascent.02,m02.ascent.01,17.500,17.500,10.353,12,4,1.99,0.444,1.131
summit,expert,heading,m02.ascent.02,m02.ascent.04,m02.ascent.03,17.500,17.500,10.324,12,4,-14.90,0.564,-0.461
summit,expert,heading,m02.ascent.04,m02.patch.base,m02.final-runup,17.500,17.500,10.346,16,12,-7.79,1.364,-6.039
