world,asset,tool,source,finalUnityAsset,materials,settings,provenance
SkyCity,SkyCityDeck,Unity Editor WorldKitAuthoring / WorldMeshBake,Project-authored primitive geometry; no external generation,Assets/_Game/Art/Environment/World170/SkyCityDeck.prefab,Seven shared URP Lit families; no new textures,Explicit source dimensions/bevels; no remeshing,Project-authored; no new third-party asset licence
SkyCity,SkyCityFoundations,Unity Editor WorldKitAuthoring / WorldMeshBake,Project-authored primitive geometry; no external generation,Assets/_Game/Art/Environment/World170/SkyCityFoundations.prefab,Seven shared URP Lit families; no new textures,Explicit source dimensions/bevels; no remeshing,Project-authored; no new third-party asset licence
Mountain,MountainDeck,Unity Editor WorldKitAuthoring / WorldMeshBake,Project-authored primitive geometry; no external generation,Assets/_Game/Art/Environment/World170/MountainDeck.prefab,Seven shared URP Lit families; no new textures,Explicit source dimensions/bevels; no remeshing,Project-authored; no new third-party asset licence
Mountain,MountainFoundations,Unity Editor WorldKitAuthoring / WorldMeshBake,Project-authored primitive geometry; no external generation,Assets/_Game/Art/Environment/World170/MountainFoundations.prefab,Seven shared URP Lit families; no new textures,Explicit source dimensions/bevels; no remeshing,Project-authored; no new third-party asset licence
AncientAbyss,AncientAbyssDeck,Unity Editor WorldKitAuthoring / WorldMeshBake,Project-authored primitive geometry; no external generation,Assets/_Game/Art/Environment/World170/AncientAbyssDeck.prefab,Seven shared URP Lit families; no new textures,Explicit source dimensions/bevels; no remeshing,Project-authored; no new third-party asset licence
AncientAbyss,AncientAbyssFoundations,Unity Editor WorldKitAuthoring / WorldMeshBake,Project-authored primitive geometry; no external generation,Assets/_Game/Art/Environment/World170/AncientAbyssFoundations.prefab,Seven shared URP Lit families; no new textures,Explicit source dimensions/bevels; no remeshing,Project-authored; no new third-party asset licence
SolarFoundry,SolarFoundryDeck,Unity Editor WorldKitAuthoring / WorldMeshBake,Project-authored primitive geometry; no external generation,Assets/_Game/Art/Environment/World170/SolarFoundryDeck.prefab,Seven shared URP Lit families; no new textures,Explicit source dimensions/bevels; no remeshing,Project-authored; no new third-party asset licence
SolarFoundry,SolarFoundryFoundations,Unity Editor WorldKitAuthoring / WorldMeshBake,Project-authored primitive geometry; no external generation,Assets/_Game/Art/Environment/World170/SolarFoundryFoundations.prefab,Seven shared URP Lit families; no new textures,Explicit source dimensions/bevels; no remeshing,Project-authored; no new third-party asset licence
Windward,WindwardDeck,Unity Editor WorldKitAuthoring / WorldMeshBake,Project-authored primitive geometry; no external generation,Assets/_Game/Art/Environment/World170/WindwardDeck.prefab,Seven shared URP Lit families; no new textures,Explicit source dimensions/bevels; no remeshing,Project-authored; no new third-party asset licence
Spiral,SpiralDeck,Unity Editor WorldKitAuthoring / WorldMeshBake,Project-authored primitive geometry; no external generation,Assets/_Game/Art/Environment/World170/SpiralDeck.prefab,Seven shared URP Lit families; no new textures,Explicit source dimensions/bevels; no remeshing,Project-authored; no new third-party asset licence
